id,title,date,end_date,time,location,organizer,cost,description,link
confire-open-house-2026,Con Fire Annual Open House,2026-10-10,,9:00 AM – 1:00 PM,"Contra Costa Fire Training Center, 2945 Treat Blvd, Concord",Contra Costa County Fire Protection District (Con Fire),Free · no registration,"Fire Prevention Week open house for the whole family: live demos, education booths, fire apparatus, food trucks, and a chance to meet the crews. This year's theme is ""Charge Into Fire Safety"" (lithium-ion battery safety).",https://www.cccfpd.org/Calendar.aspx?EID=942
mofd-open-house-2026,MOFD Pancake Breakfast & Open House,2026-10-10,,Hours TBA,"MOFD Fire Station 41, 1284 Moraga Way, Moraga",Moraga-Orinda Fire District (neighboring district),,"Annual Fire Prevention Week open house and pancake breakfast with station tours, firefighters, and safety info. Check mofd.org for hours before going.",https://diablofiresafe.org/blog/2026-fire-prevention-week-events
cert-meeting-2026-10,Lamorinda CERT Monthly Meeting: Earthquakes,2026-10-12,,7:00 – 8:30 PM,Online (Zoom),Lamorinda CERT,Free · open to the public,"Local earthquake consequences, including water availability and quality, with speakers from LMOCERT and EBMUD. The registration form opens the Zoom; don't submit it before 6:50 PM.",https://lamorindacert.org/monthly-meeting-registration/
shakeout-2026,Great California ShakeOut earthquake drill,2026-10-15,,10:15 AM,"Anywhere: home, school, or work",Earthquake Country Alliance,Free,"Statewide Drop, Cover, and Hold On drill. Households and neighborhood groups can register to take part.",https://www.shakeout.org/register/register.php
public-safety-day-2026,4th Annual Lamorinda Public Safety Day,2026-10-24,,9:00 – 11:00 AM,"St. Anselm's Episcopal Church, 682 Michael Ln, Lafayette",Lamorinda CERT and community partners,Free,"Family morning with kids' activities, free food, and safety info from Lafayette Police, Contra Costa County Fire Prevention, the American Red Cross, CERT, PG&E, the Lamorinda Radio Interest Group, and Contra Costa Search & Rescue. Fire truck visit at 10 AM.",https://lamorindacert.org/calendar/4th-annual-lamorinda-public-safety-day/
safe-at-scale-2026,"Safe at Scale: ""Weathered: After the LA Firestorm"" screening and wildfire panel",2026-10-29,,7:00 – 9:30 PM,"Orinda Theatre, Orinda",Sustainable Contra Costa / Orinda Theatre,Ticketed,"PBS documentary on lessons from the January 2025 LA fires, followed by a panel with Sen. Tim Grayson, Asm. Rebecca Bauer-Kahan, MOFD Chief Jeff Isaacs, director Trip Jennings, and IBHS's Steve Hawks on home hardening and insurance-relevant mitigation.",https://www.orindamovies.com/events/77906-safe-at-scale-weathered/
confire-cpr-2026-11-21,Con Fire free CPR/AED skills session,2026-11-21,,9:30 AM,"Contra Costa Fire Training Center, 2945 Treat Blvd, Concord",Con Fire,Free · ages 14+ · live or work in the district,"Complete the free online AHA Heartsaver course first, then attend this in-person skills session. Lafayette is in Con Fire's district. (The Oct 20, Oct 24, and Nov 17 sessions are full.)",https://www.cccfpd.org/453/Learn-CPR
confire-cpr-2026-12-15,Con Fire free CPR/AED skills session,2026-12-15,,9:30 AM,"Contra Costa Fire Training Center, 2945 Treat Blvd, Concord",Con Fire,Free · ages 14+ · live or work in the district,"Complete the free online AHA Heartsaver course first, then attend this in-person skills session. Lafayette is in Con Fire's district. (The Oct 20, Oct 24, and Nov 17 sessions are full.)",https://www.cccfpd.org/453/Learn-CPR
confire-cpr-2026-12-19,Con Fire free CPR/AED skills session,2026-12-19,,9:30 AM,"Contra Costa Fire Training Center, 2945 Treat Blvd, Concord",Con Fire,Free · ages 14+ · live or work in the district,"Complete the free online AHA Heartsaver course first, then attend this in-person skills session. Lafayette is in Con Fire's district. (The Oct 20, Oct 24, and Nov 17 sessions are full.)",https://www.cccfpd.org/453/Learn-CPR
cert-basic-winter-2027,Lamorinda CERT Basic Training: Winter 2027 series (starts),2027-01-07,,"Thursdays 6:30 – 9:30 PM, Jan 7 – Mar 4","Moraga Hacienda de las Flores (Casita), 2100 Donald Dr, Moraga",Lamorinda CERT,$40 for Lamorinda residents · registration open,"Nine evening classes covering home preparedness, wildfire and earthquake, fire safety, disaster medical, and light search and rescue, plus a Feb 25 skills exercise at the Con Fire Training Center. Includes a free CERT backpack and medical kit.",https://lamorindacert.org/training/classes/
